,,Total Value,"$1,675,929.20",,,,,,
,,Total ETH,-884.8222,,,,,,
,,Total BNB,-8.6,,,,,,
Address,Date,Transaction,sent to,Value,Amount,Token,,,
0xaadd5f9d0fa1411f612d75336eee5eb87092f1f0,2023/07/21 10:00:59,https://etherscan.io/tx/0x655a2a55bc724718bca78b7645347f448d1ca52b9f051ac3b6b8f2e36651d204,"depositWithExpiry
THORChain 0xD37BbE5744D730a1d98d8DC97c42F0Ca46aD7146","$237,313.39",-125.4472,ETH,"$1,891.74",,0x655a2a55bc724718bca78b7645347f448d1ca52b9f051ac3b6b8f2e36651d204
0x1c0b5b8d36587d0516839df7ebfb49ad8f3c543c,2023/07/22 5:52:11,https://etherscan.io/tx/0xb5e309a09f479a87f71b1258380d8b8e62c84163364b3b06762927c476c4d655,0x6a7E9ed15eA2C1C7787E68F2CA2dF68379ed437e,"$1,530.30",-0.82,ETH,"$1,866.22",,0xb5e309a09f479a87f71b1258380d8b8e62c84163364b3b06762927c476c4d655
0x1c0b5b8d36587d0516839df7ebfb49ad8f3c543c,2023/07/21 9:56:11,https://etherscan.io/tx/0x662e469715056d9501da5184ec4a2a466b05b3fa656c73d0fb067598b88013c2,0xeEC35fd50B5E7344b3E1A7F4384b3Cb9365e204A,"$1,178,554.02",-623,ETH,"$1,891.74",,0x662e469715056d9501da5184ec4a2a466b05b3fa656c73d0fb067598b88013c2
0x1c0b5b8d36587d0516839df7ebfb49ad8f3c543c,2023/07/21 9:47:23,https://etherscan.io/tx/0x2ed79b067f3afa2e636ae82f8c0c6cbd59d504aa7f25f146a4d22ef2186fc157,0xeEC35fd50B5E7344b3E1A7F4384b3Cb9365e204A,"$197,308.48",-104.3,ETH,"$1,891.74",,0x2ed79b067f3afa2e636ae82f8c0c6cbd59d504aa7f25f146a4d22ef2186fc157
0x055e6b081f175db1170350ba4f23e3a8e0895492,2023/07/21 10:06:23,https://etherscan.io/tx/0x91a3d5976df4c7fb6d000a081855b4fc217d61d6e1b71f5c99205e7dc7c2f63f,0x4ec986035b635d09474fc390acdf5c107dda4c70,"$5,372.54",-2.84,ETH,"$1,891.74",,0x91a3d5976df4c7fb6d000a081855b4fc217d61d6e1b71f5c99205e7dc7c2f63f
0xd20a9ed00e37fdaef0a064bc32feb10845053f09,2023/07/21 10:12:35,https://etherscan.io/tx/0xc2235fdf93d6ed97f17ea248d40fbc6c910cb502a63c75f0bb131bbb0fb465a8,0xb7917ee3520c4aa56add5d55f6026edeebe99d02,"$12,203.61",-6.451,ETH,"$1,891.74",,0xc2235fdf93d6ed97f17ea248d40fbc6c910cb502a63c75f0bb131bbb0fb465a8
0xa30e54cb3593c6afca653621c4d3ee2105f015aa,2023/07/21 10:09:11,https://etherscan.io/tx/0x931ebd9671d532e81ef15211ce16e193615765747e4a906d9dabb278f792f2f3,0xbdC4b2D85d9DCC42C3799b4569bd1D7D25D29C03,"$11,445.03",-6.05,ETH,"1,891.74",,0x931ebd9671d532e81ef15211ce16e193615765747e4a906d9dabb278f792f2f3
0xdFb05c98320D126Bcc74F6EB7960E99669dcd49a,2023/07/21 10:12:47,https://etherscan.io/tx/0x0fa037ee4e0a99004dd98ca4827a9aaa9e45e56acd2b74334f09b16ad57050c3,0xB7917eE3520C4AA56ADd5d55f6026EdeEBE99d02,"$3,541.34",-1.872,ETH,"1,891.74",,0x0fa037ee4e0a99004dd98ca4827a9aaa9e45e56acd2b74334f09b16ad57050c3
0x9Dc08Da4cBF74F81CFfb54CECbD8fDf6554E1D34,2023/07/21 14:36:20,https://bscscan.com/tx/0x266ef6a62efc7fc3e6e8c9e4c0d31f844208429d9e3b58f5d998f8da58c230d1,0x08178b429CA29853fa33014F635D12bD7f706297,"$2,096.68",-8.6,BNB,$243.80,,0x266ef6a62efc7fc3e6e8c9e4c0d31f844208429d9e3b58f5d998f8da58c230d1
0x9Dc08Da4cBF74F81CFfb54CECbD8fDf6554E1D34,2023/07/21 10:13:35,https://etherscan.io/tx/0xa2dc0cff0e555bf26d8044e39e92071e69587e62bfe4128f827b0eb9bdfc8681,0xB7917eE3520C4AA56ADd5d55f6026EdeEBE99d02,"$2,971.92",-1.571,ETH,"1,891.74",,0xa2dc0cff0e555bf26d8044e39e92071e69587e62bfe4128f827b0eb9bdfc8681
0x2656269bb878ca0c4250a0df4c15a9cfca0c21ac,2023/07/21 14:55:47,https://etherscan.io/tx/0x72d855932534ca55ae820f5ed17de8ac729b1f05b093352b5bca19dcf868f26f,0x09066E7857D3a9a53c9142f8a7eFFcBc7989F1B5,"$7,358.87",-$3.89,ETH,"$1,891.74",,0x72d855932534ca55ae820f5ed17de8ac729b1f05b093352b5bca19dcf868f26f
0x2656269bb878ca0c4250a0df4c15a9cfca0c21ac,2023/07/21 10:13:59,https://etherscan.io/tx/0xd5a730adbe95e809d765372997260dd7057e959399e9b41d415816218de3686d,0xB7917eE3520C4AA56ADd5d55f6026EdeEBE99d02,"$1,413.13",-0.747,ETH,"$1,891.74",,0xd5a730adbe95e809d765372997260dd7057e959399e9b41d415816218de3686d
0xFA5F6eD82Ae1EAC484B91cCDE42fe7d64cb68D03,2023/07/21 10:11:59,https://etherscan.io/tx/0x3f58b9738767a04a8d4701052cbfa378f7cdf9d8a0cfac34b43b0d62f766a7e8,0xB7917eE3520C4AA56ADd5d55f6026EdeEBE99d02,"$9,496.53",-5.02,ETH,"$1,891.74",,0x3f58b9738767a04a8d4701052cbfa378f7cdf9d8a0cfac34b43b0d62f766a7e8
0xf40c09C782C74e932b81473ae68B078F31a358f6,2023/07/21 10:13:11,https://etherscan.io/tx/0x85955c171d41591fb52b85f3e4135704f2afb4305ea9ceee1de1ba503703e7f1,0xB7917eE3520C4AA56ADd5d55f6026EdeEBE99d02,"$5,323.36",-2.814,ETH,"$1,891.74",,0x85955c171d41591fb52b85f3e4135704f2afb4305ea9ceee1de1ba503703e7f1
,,,,,,,,,
"On xx my 10 hot wallets were exploited and the majority of it went to the Thorchain router, however, some money were directly and indirectly (sent to another wallet then deposited) deposited into Fixed Float",,,,,,,,,
,,,,,,,,,
,,,,,,,,,
All My wallets,,,,,,,,,
0xaadd5f9d0fa1411f612d75336eee5eb87092f1f0,,,,,,,,,
0x1c0b5b8d36587d0516839df7ebfb49ad8f3c543c,,,,,,,,,
0x055e6b081f175db1170350ba4f23e3a8e0895492,,,,,,,,,
0xd20a9ed00e37fdaef0a064bc32feb10845053f09,,,,,,,,,
0xa30e54cb3593c6afca653621c4d3ee2105f015aa,,,,,,,,,
0xdFb05c98320D126Bcc74F6EB7960E99669dcd49a,,,,,,,,,
0x9Dc08Da4cBF74F81CFfb54CECbD8fDf6554E1D34,,,,,,,,,
0x2656269bb878ca0c4250a0df4c15a9cfca0c21ac,,,,,,,,,
0xFA5F6eD82Ae1EAC484B91cCDE42fe7d64cb68D03,,,,,,,,,
0xf40c09C782C74e932b81473ae68B078F31a358f6,,,,,,,,,
,,,,,,,,,
Platforms money was sent to,,,,,,,,,
"https://platform.arkhamintelligence.com/visualizer/entity/0xaadd5f9d0fa1411F612d75336EEe5eb87092f1F0,0x1c0b5b8D36587d0516839df7EbFB49AD8F3c543c,0x055e6b081F175dB1170350Ba4f23E3a8E0895492,0xd20A9Ed00E37fdaEF0a064Bc32feB10845053F09,0xa30E54Cb3593c6afCA653621C4D3Ee2105F015aa,0xdFb05c98320D126Bcc74F6EB7960E99669dcd49a,0x9Dc08Da4cBF74F81CFfb54CECbD8fDf6554E1D34,0x2656269BB878cA0c4250A0DF4C15A9CFca0C21AC,0xFA5F6eD82Ae1EAC484B91cCDE42fe7d64cb68D03,0xf40c09C782C74e932b81473ae68B078F31a358f6?fbclid=IwAR3n8Zh-GYgyHRfDSksJm_D-pdT4jCjjlg9gwiFx-Q2ZPZ0Caxc3Qzz9n8M&flow=all&positions=%7B%7D&sortDir=desc&sortKey=time&timeGte=1688774400000&usdGte=0.1",,,,,,,,,
Fixed FLoat,,,,,,,,,
https://etherscan.io/tx/0xaa49f832a539cabee457ca3fc2e3e47e70ca7e364ba48161aae8c4e788d07b33,,,,,,,,,
Deposit to Fixed Float,,,,,,,,,
My Wallet,Time,Amount (ETH),TX,Fixed Float Wallet,,,,,
,,,,0x4E5B2e1dc63F6b91cb6Cd759936495434C7e972F,,,,,
0xa30E54Cb3593c6afCA653621C4D3Ee2105F015aa,"21 Jul, 2023 19:15:47 UTC",3.88,https://etherscan.io/tx/0x931ebd9671d532e81ef15211ce16e193615765747e4a906d9dabb278f792f2f3,0xbdC4b2D85d9DCC42C3799b4569bd1D7D25D29C03,,,,,
"
0x055e6b081F175dB1170350Ba4f23E3a8E0895492","21 Jul, 2023 14:06 UTC",2.84,https://etherscan.io/tx/0x91a3d5976df4c7fb6d000a081855b4fc217d61d6e1b71f5c99205e7dc7c2f63f,0x4EC986035B635D09474fC390AcDF5c107DDa4c70,,,,,
0x2656269BB878cA0c4250A0DF4C15A9CFca0C21AC,"21 Jul, 2023 18:55:47 UTC",3.89,https://etherscan.io/tx/0x72d855932534ca55ae820f5ed17de8ac729b1f05b093352b5bca19dcf868f26f,0x09066E7857D3a9a53c9142f8a7eFFcBc7989F1B5,,,,,
"
0x1c0b5b8D36587d0516839df7EbFB49AD8F3c543c","22 Jul, 2023 09:52:11 UTC",0.82,https://etherscan.io/tx/0xb5e309a09f479a87f71b1258380d8b8e62c84163364b3b06762927c476c4d655,0x1c0b5b8D36587d0516839df7EbFB49AD8F3c543c,,,,,
,Total,11.43,,,,,,,
,,,,,,,,,
,,,,,,,,,
ThorChain,,,,,,,,,
https://app.thoryield.com/transactions?address=bc1qwxwl5l209je4c2ycr8hc7dq7jqfptk23esmn5s&page=1%03%03&fbclid=IwAR2scMg2EbpjRxN5i92aaqiwxuxVfpNIBEmyTD-iyVwzsDErcTjHAeAomi4,,,,,,,,,
btc wallets with stolen funds in it where they transered money ,,,,,,,,,
bc1qwxwl5l209je4c2ycr8hc7dq7jqfptk23esmn5s,https://platform.arkhamintelligence.com/visualizer/entity/bc1qwxwl5l209je4c2ycr8hc7dq7jqfptk23esmn5s?flow=all&positions=%7B%7D&sortDir=desc&sortKey=time&usdGte=0.1,,,,,,,,
https://viewblock.io/thorchain/address/bc1qtunad8gttrw69nwxwhahm0973r6gqfecdzdajx?fbclid=IwAR3wYlTXVLQJapAe3RVA3reeQIvIn3vAo1ps_FxdLa21v0stOVVhd0iZ6Qk,,,,,,,,,
,,,,,,,,,
wasabi wallet tracing,,,,,,,,,
https://dl.acm.org/doi/10.1145/3528580.3528585,https://pure.hw.ac.uk/ws/portalfiles/portal/55850474/TirMaaEroJus_EICC_2022_camera_ready.pdf,,,,,,,,
"https://bitcoinist.com/can-chainalysis-break-wasabi-wallets-coinjoins/#:~:text=Apparently%2C%20in%20Wasabi's%20CoinJoin%20system,that%20Wasabi%20Wallet%20used%20twice.",,,,,,,,,