chain,tx_hash,found,block_number,timestamp_utc,from,to,value_native,explorer
ethereum,0x655a2a55bc724718bca78b7645347f448d1ca52b9f051ac3b6b8f2e36651d204,True,17741974,2023-07-21T14:00:59Z,0xaadd5f9d0fa1411f612d75336eee5eb87092f1f0,0xd37bbe5744d730a1d98d8dc97c42f0ca46ad7146,125.447151477364040918,https://etherscan.io/tx/0x655a2a55bc724718bca78b7645347f448d1ca52b9f051ac3b6b8f2e36651d204
ethereum,0xb5e309a09f479a87f71b1258380d8b8e62c84163364b3b06762927c476c4d655,True,17747894,2023-07-22T09:52:11Z,0x1c0b5b8d36587d0516839df7ebfb49ad8f3c543c,0x6a7e9ed15ea2c1c7787e68f2ca2df68379ed437e,0.82,https://etherscan.io/tx/0xb5e309a09f479a87f71b1258380d8b8e62c84163364b3b06762927c476c4d655
ethereum,0x662e469715056d9501da5184ec4a2a466b05b3fa656c73d0fb067598b88013c2,True,17741906,2023-07-21T13:47:23Z,0x1c0b5b8d36587d0516839df7ebfb49ad8f3c543c,0xeec35fd50b5e7344b3e1a7f4384b3cb9365e204a,623,https://etherscan.io/tx/0x662e469715056d9501da5184ec4a2a466b05b3fa656c73d0fb067598b88013c2
ethereum,0x2ed79b067f3afa2e636ae82f8c0c6cbd59d504aa7f25f146a4d22ef2186fc157,True,17741950,2023-07-21T13:56:11Z,0x1c0b5b8d36587d0516839df7ebfb49ad8f3c543c,0xeec35fd50b5e7344b3e1a7f4384b3cb9365e204a,104.3,https://etherscan.io/tx/0x2ed79b067f3afa2e636ae82f8c0c6cbd59d504aa7f25f146a4d22ef2186fc157
ethereum,0x91a3d5976df4c7fb6d000a081855b4fc217d61d6e1b71f5c99205e7dc7c2f63f,True,17742001,2023-07-21T14:06:23Z,0x055e6b081f175db1170350ba4f23e3a8e0895492,0x4ec986035b635d09474fc390acdf5c107dda4c70,2.84,https://etherscan.io/tx/0x91a3d5976df4c7fb6d000a081855b4fc217d61d6e1b71f5c99205e7dc7c2f63f
ethereum,0xc2235fdf93d6ed97f17ea248d40fbc6c910cb502a63c75f0bb131bbb0fb465a8,True,17742032,2023-07-21T14:12:35Z,0xd20a9ed00e37fdaef0a064bc32feb10845053f09,0xb7917ee3520c4aa56add5d55f6026edeebe99d02,6.451,https://etherscan.io/tx/0xc2235fdf93d6ed97f17ea248d40fbc6c910cb502a63c75f0bb131bbb0fb465a8
ethereum,0x931ebd9671d532e81ef15211ce16e193615765747e4a906d9dabb278f792f2f3,True,17742015,2023-07-21T14:09:11Z,0xa30e54cb3593c6afca653621c4d3ee2105f015aa,0xbdc4b2d85d9dcc42c3799b4569bd1d7d25d29c03,6.05,https://etherscan.io/tx/0x931ebd9671d532e81ef15211ce16e193615765747e4a906d9dabb278f792f2f3
ethereum,0x0fa037ee4e0a99004dd98ca4827a9aaa9e45e56acd2b74334f09b16ad57050c3,True,17742033,2023-07-21T14:12:47Z,0xdfb05c98320d126bcc74f6eb7960e99669dcd49a,0xb7917ee3520c4aa56add5d55f6026edeebe99d02,1.872,https://etherscan.io/tx/0x0fa037ee4e0a99004dd98ca4827a9aaa9e45e56acd2b74334f09b16ad57050c3
bsc,0x266ef6a62efc7fc3e6e8c9e4c0d31f844208429d9e3b58f5d998f8da58c230d1,True,30163946,2023-07-21T18:36:20Z,0x9dc08da4cbf74f81cffb54cecbd8fdf6554e1d34,0x08178b429ca29853fa33014f635d12bd7f706297,8.6,https://bscscan.com/tx/0x266ef6a62efc7fc3e6e8c9e4c0d31f844208429d9e3b58f5d998f8da58c230d1
ethereum,0xa2dc0cff0e555bf26d8044e39e92071e69587e62bfe4128f827b0eb9bdfc8681,True,17742037,2023-07-21T14:13:35Z,0x9dc08da4cbf74f81cffb54cecbd8fdf6554e1d34,0xb7917ee3520c4aa56add5d55f6026edeebe99d02,1.571,https://etherscan.io/tx/0xa2dc0cff0e555bf26d8044e39e92071e69587e62bfe4128f827b0eb9bdfc8681
ethereum,0x72d855932534ca55ae820f5ed17de8ac729b1f05b093352b5bca19dcf868f26f,True,17743441,2023-07-21T18:55:47Z,0x2656269bb878ca0c4250a0df4c15a9cfca0c21ac,0x09066e7857d3a9a53c9142f8a7effcbc7989f1b5,3.89,https://etherscan.io/tx/0x72d855932534ca55ae820f5ed17de8ac729b1f05b093352b5bca19dcf868f26f
ethereum,0xd5a730adbe95e809d765372997260dd7057e959399e9b41d415816218de3686d,True,17742039,2023-07-21T14:13:59Z,0x2656269bb878ca0c4250a0df4c15a9cfca0c21ac,0xb7917ee3520c4aa56add5d55f6026edeebe99d02,0.747,https://etherscan.io/tx/0xd5a730adbe95e809d765372997260dd7057e959399e9b41d415816218de3686d
ethereum,0x3f58b9738767a04a8d4701052cbfa378f7cdf9d8a0cfac34b43b0d62f766a7e8,True,17742029,2023-07-21T14:11:59Z,0xfa5f6ed82ae1eac484b91ccde42fe7d64cb68d03,0xb7917ee3520c4aa56add5d55f6026edeebe99d02,5.02,https://etherscan.io/tx/0x3f58b9738767a04a8d4701052cbfa378f7cdf9d8a0cfac34b43b0d62f766a7e8
ethereum,0x85955c171d41591fb52b85f3e4135704f2afb4305ea9ceee1de1ba503703e7f1,True,17742035,2023-07-21T14:13:11Z,0xf40c09c782c74e932b81473ae68b078f31a358f6,0xb7917ee3520c4aa56add5d55f6026edeebe99d02,2.814,https://etherscan.io/tx/0x85955c171d41591fb52b85f3e4135704f2afb4305ea9ceee1de1ba503703e7f1
